model,intelligence,speed,cost,intelligence_norm,speed_norm,cost_norm,intelligence_score,speed_score,cost_score,total_score
Nova Micro,82,316,12,0.82,0.632,0.88,0.328,0.2528,0.17600000000000002,0.7568
Gemini 2.0 Flash,78,254,8,0.78,0.508,0.92,0.31200000000000006,0.20320000000000002,0.18400000000000002,0.6992000000000002
Command R,75,181,10,0.75,0.362,0.9,0.30000000000000004,0.1448,0.18000000000000002,0.6248000000000001
GPT-4o,90,125,20,0.9,0.25,0.8,0.36000000000000004,0.1,0.16000000000000003,0.6200000000000001
Claude 3 Sonnet,88,119,15,0.88,0.238,0.85,0.35200000000000004,0.0952,0.17,0.6172000000000001
Claude 3 Opus,92,111,25,0.92,0.222,0.75,0.36800000000000005,0.0888,0.15000000000000002,0.6068
Mistral Large,72,162,7,0.72,0.324,0.9299999999999999,0.288,0.12960000000000002,0.186,0.6035999999999999
Llama 3.1 70B,70,179,15,0.7,0.358,0.85,0.27999999999999997,0.1432,0.17,0.5932
